"ID_PROSPERITY_VEC","ID_ACCOUNT"
"566AA4293EDEB1B48E6AD1343A8F39BA084FED840C5DC30DD217870B6414829C","SCT_0001"
"F7DF72E2CC8EEAFE2E7FC471526A76473A5A55686F57DFDFCBB3467AC5DF4737","SCT_0145"
"9CD0C3121DE37CADF06D796942DE2EA3DAE65419C5D2B6298E7D87F125A8D490","SCT_0166"
"2408D3A8BBF351CCC5818240AEB2D5338B17546CF911F2815E0BD70401D53C5F","SCT_0003"
"F4BF1818B041B5B74E5C6E0F209C2CE99AD9E9E22C9CB2DB29B2D9D70D5F90EE","SCT_0048"
"F0B84DB19D33AA5CF5F091AF44F71F59ECD956B79F90AF6ED8199D1BE7047B81","SCT_0073"
"A1C7E5113AA56D109D994FE5E2FB2A752E2F540CC029C8E69859DB4E35B3468D","SCT_0155"
"10257F159880956181F4778A3F8CD528790300B1580E0E62E67A566C4EB7BB55","SCT_0072"
"596B5FA21A6B8A4C90173156971F3FC3ECBB9C1FFA534B44C32B19495EC1C591","SCT_0143"
"2513AFA48BCAE0B8DC656FE0C1CC9F88183D103E6F30FA4F3EFB63C76BCCC4B7","SCT_0162"
"658A679A3DB1F82632D0273B9CF3F641ACF2602DDB075C929C1334F5B308D970","SCT_0163"
"00456BAA228B51A351EE38F598EEF034EC8D285DDB12B79C96457E4503384F6F","SCT_0165"
"2BD0D12C0F2830621A4A28042140739A7C69206741A9B6CA53E7CEA217963D7D","SCT_0152"
"57D48768281567DB15FA94842553B39EBE804555403D54CEF5C70AF506D2C6DE","SCT_0164"
"6B7AFD331AD3E5F81CB1C401BE3D5A50E853F0DE89103978DC75953F22E5DF15","SCT_0116"
"8EB33978FE7C801080D16A573985996FB54DB0E49A1086A2EF8069840412F852","SCT_0062"
"731073A5DA7A5EA6F4DA353C2C3D4A29B05C16019FA342FFBAA9E522417B858C","SCT_0167"
"1BEEB99A8CE2BE6CAC790BA5CD9E4B595D87B447856739C658AC67C69661AAD5","SCT_0122"
"6892BA631361DA90431EC429737344D09CEF74DADA684FAA58787B112B13BAF0","SCT_0134"
"A631AD833D8B0012AF58119C2D2274315E50FBF228E803966CB61B056CB8C53D","SCT_0159"
"A7B20ABCFB3BEB77CC84B81C437C1BA1EC03E359F10173129ACAEDA410E7BC7F","SCT_0161"
"70F81FBD8E3EBA4F31C3BDA703FCC1B33AB97AF088063C24CC1DFDC6FD328896","SCT_0050"
"F96C02C3C624D80B74A83FD72545E376673D324D113925AF1BFD3FDDCEE745FC","SCT_0131"
"1BC1F31B041B625E168638C5B61F9E554D26C0EE344AECF7EF2B9BA9BCC378CA","SCT_0065"
"25270CD6D8FDA3081046A352494FF010B149C541B41DD420AD42D72B86B08291","SCT_0157"
"74DAC8F986532EDBB813BD6C3A791547174C14B28147EE2D9B233F3A5AA867EC","SCT_0064"
"C3A957B8AA7F721688F84F41056A82821A817A2B92E8534AF6797D9D9538A7A6","SCT_0158"
"40D7338AEC207951BEDFC40B9F91298C61C8A58CC9685694E6E5C19022D499FA","SCT_0004"
"58341B11BDCF0DFF2F3352FDEA13D32365E6D2325E043F35251EECE91C13FE0D","SCT_0148"
"0630A555B2FA7BB76CFB10AEB2FAF1F71A1BA5B5CEF74F675E2407B0A0EB4FA4","SCT_0146"
"268B3CFEDABC0C5999657485D0F6784708CFA37ED1CAB1A97F95F6DA4A89768D","SCT_0147"
"1C0270F328406A246BF22DBAF67E925F3CB981749A954B580BDFB5813A025A89","SCT_0076"
"6E8DE1F883EA7C06EE372B2D9EF78698EF33F5C88E7650C8357F7D349C6C5511","SCT_0133"
"7E8FDB8B0FD26D16C21C2059FBA58EC6134229935A7C12449F7B7D359EBF5A91","SCT_0037"
"53336C293E3B59322515ECCF4C6C0E3BC772EC2E3F52ECA962C0BBFE77932247","SCT_0126"
"40755F51703B5E9C530665727611D2420415BBFDF3B05C3AF65F7C89EC5A7346","SCT_0036"
"C22BD02763745531A744FAB422223CCEBEA0D5209260532081FAD9ACA90F4306","SCT_0059"
"37EC8FBF4462C65ABD328BA2B82DF0D79288F689006756314F0AD4BE9DF0DEEB","SCT_0095"
"75A318CA0BD969478A24C3CD89F3849E0D06B8A383EC01689253E187B72A3F87","SCT_0156"
"4AB9700DB71508AC51DC2049567CE5A0AE598CA558CCA70FE9FDD260E3AE42DE","SCT_0002"
"98438014CFD17FF53644288A6149AC3C8355165EA7EC05E9683061576C8CE005","SCT_0150"
"43CB4BEB5B582F282E4ED80A74B47483E93F32F158A46350ECC45792427108AB","SCT_0024"
"009B8A7F55B00EE488BE479874B3FC43143B19D2B0B3D118C7DC55669F4293A0","SCT_0056"
"AFEADE9003015C7561E78AA6296B67B2B9C850F87094D902E30EF9DFCFC80CB6","SCT_0125"
"A8CB544B2D56F0112F1142666822809324FAFE2C56DC84A93DD02B9A7B580DA1","SCT_0135"
"DABF51D9FBD8C44DF6AE4A5CCDEA6E90DBE7E5CD6571610DCBEC0450D3903AFD","SCT_0075"
"AA0444D46395427C6ADFE88501A892F67E19E9DEA9A4C94CCBF38CB8A41CB6D3","SCT_0094"
"9988B752B8F6A1A416C4FF79BC8308E14E21860DEAAAC926E191FFBF26E93342","SCT_0020"
"DCF4754DAD913A19411800290F402F3B5205E30244A054DA8C26A6DE0CA743F5","SCT_0074"
"76FD4B5B5E6323E44550BC7C9075D8BE60586E37943A9775481ABF83D9944A9A","SCT_0102"
"B0776CDE88D2C2F9310F4DD6057E2C76FB98F004D0D8A6E7DD76E3955BF4CACE","SCT_0035"
"1E9E970B4E672FA1B12407A23E552FBD509D703C215FFA5A9C8C097B392E09D0","SCT_0063"
"41658B1944CE1D7ED7BD54D6BFB1E419CAE49C71E8D737AF05546D0C59399D05","SCT_0053"
"CBE5A95893E64D213EF46C3FB609B564C363483C92C55946E29E6B00207E543A","SCT_0078"
"C8DBA5C146DAC73879C0656A26E85BF22067A634260BB9BF94A402A1DDE94099","SCT_0130"
"EEC8E13FDD25D2F78972FED87E73B0460DA69DA0C3869546DEF7DFA87CC212D1","SCT_0008"
"B60102B8A7A818C4ACF928869A1DED05F9F1EA0881A955C68EB0CC825194D476","SCT_0038"
"A67A182DFA7D4CF6394494E46CC021208B973709C0642BC886C7B159781D9C2F","SCT_0055"
"CD929496204BCB00819FCAFE5225B9ACB815D70A7CD246DC39D03C30B491A862","SCT_0142"
"82C313868C33A207F77F85A09508181C47AD5CEC86F7DC8330E1FF40CD5DD66D","SCT_0119"
"DEF1438C91C176D9F554C7DE41916875EEC2FA5F2EB87EE08E4D4FDDE120E14A","SCT_0068"
"FF3456EC1EDF290366E3496E63582DEC1CDE9A6319A03B09C7CDB5F5EA59E03D","SCT_0098"
"A7E33B8015B63E5926CB471FE368F50635A5FADFE21AE2A9F2CA4EBFC9FE8CB3","SCT_0083"
"535E8C6C47B72E34B5E3915CCB446465E586A08803611C8A87AC79AE9B707BF1","SCT_0149"
"087EA27EBF4A5C5CAF031A511115E5BB6B720980F06B5DE0F64976BEB958A623","SCT_0057"
"CF38DC73B02599FC53057A4CD3AB8966A46ACB606D7B4396268497A1CA2883B1","SCT_0085"
"EDC9CB07CD9E9B5499E669C9A5E869CC610A924748A0B788F9113BB2A935FF55","SCT_0092"
"F91D083D17B63472B0C091571EC7050E824830C7EDE10BED42F23D1A09A03E49","SCT_0105"
"4128F8FF7D9FF0B4AC0787280D2B36225048CF8BBB93022AEA8438045AD80B6E","SCT_0011"
"98976CBBA1EC5E7930C5646C568EA636C63E15F75DA36C9C251C043ED6E85DC3","SCT_0144"
"37801E7146AAF9255366ADABC3CD01B961C5F2901AA02AF6840338A9E0D87BFF","SCT_0090"
"D2A7E94A8A9446AA5D0F10A72754E7356CB93540B56E4286BB05A835B19F1308","SCT_0012"
"407465BA32DDE9590A2485378E56591A3908BA7936EB6CB6365F56B782640D6F","SCT_0031"
"794F8764F647E141B1BE4B7F2BDA050FE0A8EF2D02B2680A28CB3A46822F6A21","SCT_0104"
"E9024303FCC246A458D16E452476E40601952EF3EAD747B5F1845A10BCBEBA2E","SCT_0058"
"F625F7CEA570CD1CE70C485587995A63FD06C3D54F493102D933317C50515328","SCT_0154"
"8BEB0CA0ADD1261741A9A247AA7C1C3C83FB713AF99BF495142E20F933AD9BFA","SCT_0046"
"713C44D902D72DEF0E3211196309B589847DCC2179C97B50A4C0454F581B7D4E","SCT_0128"
"7B4FBAA03DFD0C1223D80F1B9DD488AEDA63F72FD0A6B006DB0695FE8F433138","SCT_0021"
"B7711EAFAF878511637CBCEF0014DE57C7FA6C1383F0BE2B07DD3F1E44935FAF","SCT_0040"
"994C1DB44DDF129E47F26B8FEEC0F84E5883541297E9BB84D0A94685513E2E84","SCT_0093"
"6642CB2329BDA95CA880C0140C9F2DB3B6964B9F18257E463ADEFFC06ACD3F2E","SCT_0052"
"C0E8F1206B9C1EBE7947C623E7FC40A1740C075465BB3188B4187D179AF6C826","SCT_0005"
"840CF62273D9650DFF56FDC94D900954E429E711FD8C6FB568E2C184CBCDCA51","SCT_0089"
"A67B841C2BF5364198EE013A759A3192511DF2CE14BED78F324200E8DF27D907","SCT_0120"
"A304DE5AA5755F60C0C62430622A881B63FA670F827067546D3DACAC4DACFA19","SCT_0108"
"5E1A04033DE3F4981858A925C3FB6D4204FA28070D606F9E53BAAF155592F718","SCT_0032"
"E9B347FAAE376EC59C5833208AA45649BB87F1DEE4533F2C20E9264147EE9C24","SCT_0153"
"F59C4CC1B827AFA62189E8BCF8047E686A1709278E0ACDE0044D1A39136E2979","SCT_0115"
"3C6460F8ABE5D47FFAF1496E4BCAF7424FB039FDEC3B508ECC9862D2F67AF9E5","SCT_0028"
"7E57278148A03D971AEEDF2421425261B648AAB16C4BA3B1A7E1056578EAA84C","SCT_0151"
"1F9F256BC28E2EBA6FCCDFB112E2BE8A19B4BB0DEF96E3445F454278C9B5D40E","SCT_0139"
"163407D2A7B91CC613450A82BC497D4F38C03FCE107AAE517B293BFB2672464A","SCT_0069"
"B7978C88B134227F07C82146874F67A6E01FCB5670E968B994D2D797B89347B8","SCT_0141"
"C54E1B3A40EE891F9C381E3FEDEAF9AD93F65143B03A88FDBC2295302ADB5279","SCT_0054"
"C2FD5E8EEC8A20E1C11A425AF9DC3660E4242F2F6E42A2723803FD1650D1C794","SCT_0079"
"3ECED851F4E9281CF055312BA92F9832044FED53D2DA7392CDC14478B684DEB3","SCT_0041"
"976DAD54017AAD259F095619D6D21578EF253EE86F187864DFA7487A7E63C50A","SCT_0132"
"818FBBF279C791C3D4E0FDFF9F865EBCD05E8C1C1407C76E24035D5440202C06","SCT_0096"
"E5BA3780A810BA064E05434CFAF2C57CD7503ACE7C278CFC28EDCC7E2DF8E983","SCT_0070"
"CA187010D8CFFD35E3F89CB847F07E9073A21A1B48F2D810E5F3DCD493F23B71","SCT_0127"
"E1A7AB46D24C28E567CFC182826B2980822F900C1D2DF953D97711F17C8C5E93","SCT_0060"
"D924132ED4F178E793B570518E3693D0E849B09B3FBBDC2B3B48CC3640B7B321","SCT_0030"
"10E00E71639B39BB03BFA5F88EBAF95463ADA6757AAFD56AA45F28FD28C58673","SCT_0121"
"C837FE9B9BA6BD900BAD720DF772745DE1CF27DCFAD93444C5FD0AD709231860","SCT_0010"
"3ACEC2D14F65DCA8290142AEE25A646D6B3B2C961E3F9B34A3982DACD8C8A396","SCT_0140"
"259893BCFBA0BA10093F757A3BBF4E4DC697E930BA2CFBCB0E60709D7E4C2507","SCT_0077"
"2CD146D6C33727555A28420DCF6F8CC31E8930E629C9F77BECE0805047B93463","SCT_0129"
"1D26BDFD07547C7F39414559DF8F29214CD62B7AF07394FC4E66044FCDBEDE3D","SCT_0123"
"0E875BEB6FC1B317C240831CB27CBD6AFDC1F7BF622991D0D3C7C60EEC5A1777","SCT_0071"
"275EBF9DAEF3FCD69031932003387F3C236F3161082C244E5A6D4C6173A0D74F","SCT_0160"
"6C5CCAB67945F31B5AF68A0B744FCBDFF11E4C317297A7DC7C0772C3B13DD7E5","SCT_0049"
"B61AFBFC40C905685AD6752CFB4C0CDC9F243E2DD422D2EB3DDEEFD99CC16790","SCT_0027"
"1672A73E805C8AB3D62998E62AA40F4C3E41215BC52C5E89374526012A35D077","SCT_0066"
"882CC5CAD706212FA1C9BB659B1D1C3FBAD004ABC5B8D0A5C0AA43899C000099","SCT_0014"
"46B6C16DA104847D0F571DAB837472F5D67BC07BB414DB555EA7F9E446E09DC9","SCT_0017"
"12EFED654D5BF861B1E918297697BF52AC18BE1892339C853454EE2BAB010649","SCT_0025"
"6907DA092F5FB1B3C09EFF69EA0A5F4013926B7909F1E967D798541CB5C06F2E","SCT_0117"
"01C1A860002B5A00358377B821C71BEB6221C2FDCFFAB67CF3938B74D70223E7","SCT_0006"
"0D3F8F68F87812F39FD04511D62C3F271A7F635116357AC0320072B7D728080E","SCT_0097"
"D8D1BBAF7138DF7AE252F743C910C310BE0849FBCF4B482E812116251D016275","SCT_0110"
"13178050D9A667B1227665FFB2F4AC3D749A786E087E9020E205895B13064109","SCT_0111"
"68E327F460F2E156541A42059DAA262AF8191BB528C54DD0A7383143C1B6C96F","SCT_0015"
"402CD80878883A565D8BAEFD39693E5583205D1AFFA8F81D6DCE0C42A085B9AD","SCT_0124"
"46A482D2A1C5B0D51A4E3A8BCC7334F87B145779AB59FCEF20C3675B45D07E3E","SCT_0100"
"D2BDEFFE7A08000E3F7709D4841794697F51F59A1F6B8D038BF4FC04E386AAD5","SCT_0023"
"3AC6A1EC90C3B81F56434A1EECD7F4796667EC9F0B3CB1404600A9AC1EF5B9A6","SCT_0007"
"D0D90C3F12F0867C5E0FDA09A19DCB76184F863390F8E66FFD4600FF827F6577","SCT_0009"
"8DAC16C9697C31B9CB32DA99E8AC8E2BCA99D9DF5A15F9769C5947FA4F186287","SCT_0033"
"8B0A81B0D57ED3CA4F26A4525E1EE1B510ABC7E89D4DE453BB49F4BFD4CEC584","SCT_0136"
"23BE2D8635C167E8479D09F68070A5E803C7E43CA6EFD4C1F3837A17F7F1B651","SCT_0113"
"43504FBB9BD09F3AECAEBAE7C25A54C2F317CAF2D301D23613501870B9865004","SCT_0019"
"939343956B2BFE08595D0E1BB194FD3335FF61F1B043ABA7FF175A41F87CDC72","SCT_0080"
"FC014B6BFFA44D4866A4FE8F571472D809E94986EAE48E94DCA562CFB9A00901","SCT_0086"
"146742B6366B8F07965988DC21777E7BA37F823FD79C6727002DD296309F9054","SCT_0029"
"74902D109152CDD77EE65ECE30EE68FE83116E1A7F37F086E9C84AF9F73DB618","SCT_0091"
"6820138487D9437A49B5C6EDB48E0DB8D1E5682F9AFC7EC021A6A2E4BD9EA4B6","SCT_0044"
"C2FE125347FA374011B89B801942A3F1ED07D8B82AACB10B9A3640E510E93F65","SCT_0106"
"9F58D63AF4465AEACFF10C370627B11614A4760EA6601A300DC99BF2E5B3E752","SCT_0114"
"98DC94F59A453A1139FCD051CF13C282045FAEB1FB9EE0B1CCF62C627CAD6FD1","SCT_0118"
"3FEFAF940E8AF1DA3C2A7BF3D14D7499AB39DD7579CA6C4F7567C0491ACEAFC6","SCT_0045"
"BD783A8863ECBA6AA92406241F8FF88FC0593241861AB06F0BF0BEA7DA6D7FCA","SCT_0013"
"9F983FAC678C5431F61BD0CE194AE6E52D2BA8100E0F79D8684F4921B2D5F771","SCT_0016"
"D1DD220F760484A19EC7FDF072BD1CD7CCCC34AD0D4FB277D8F5026FEA506830","SCT_0026"
"35ACDA1FC1D8B9EFD8FC25DB848B8CD2A17AB14308B0813C33C25BBDFFF64CD6","SCT_0047"
"025C6A9F90CA51062207A97D928386F9EBE8FCF86E300BF6FA78F5E82952BB73","SCT_0082"
"ADA2AE7B18D9496BC9E972C476E760532958030B11752B60237ADE9E71D2D555","SCT_0138"
"6FC3D96E77342FE0EFE6B2A8F540DD28C4184F95F811E40EFC3D78BFE57AF9C9","SCT_0088"
"C28F6CD747E93673DC285AEE9104B5CD4192AB81134D8C539DF0BBDCD8329302","SCT_0109"
"E184DA29CACCC42FDCCCC8141A2C4452A3199837F845E5983945B5AD003B94F3","SCT_0051"
"F4A188F6CD005F0E907127BA6420705FDFD5B0EAAFF23A337D9C44C74F32B600","SCT_0137"
"E3CA4AC6C102CFE9C7E8DC971843E82334FEAFED3C7CF5D6E36A05F226BF2217","SCT_0087"
"ECD8E5FE1841CC624DD446CC4693D13726080887655E56508B1ECDF2799C5271","SCT_0042"
"82E15286632C612DFE95F1DA2C9D8F8F7C2DD5E7B57EA669EE8F541FED79B663","SCT_0018"
"31DF8012DB258337E4C70CA31D0C82CAECA7C23812132A4433800A7B43A8ECFC","SCT_0061"
"69488F0DE8EF4D0CFAADC85B00E96429F2D452B6CC553CFD93675CEFAD63983B","SCT_0067"
"AE4D02C99C0646113064D7B2AA71A17DC935293A8680FBF3C826544EAE18529A","SCT_0034"
"1CC098F2013BDBA504ADA95BE6DF7316483217B90A34E6DF403D40566BF36984","SCT_0084"
"1EF850B3458100B898B5F88BDDB23A440FCF12D4B534C6DBA137DB2E0CF3AC2C","SCT_0043"
"1A089059CA67B8347E2110AB97A666E40F378AF333C86A02E93E6838BC032A84","SCT_0039"
"91E7FADF701597A6387758846BB8A63F136CC56D26052D707B0C1565ED8B6DC8","SCT_0103"
"C6AAF644888E967FC9754864A3AC6607FFDCAA5A26F9BC420416B8179B4F71BC","SCT_0107"
"A34CA15D67C72AFD303F5179D68C3E44F04D9821C4F2954E6B6EFF0648EABE46","SCT_0099"
"80E74C9A4B1F9C1FBA99FB35F1BE6E51F68BD00E9DB2D3701B6FBDEE74269F1B","SCT_0081"
"87D9FDE860A7809E40632F81B33F744D64EB30F9E39A4417938B15CBE2352CAA","SCT_0101"
"F7E60E263AA75376E89CF0836BEA3891AF16D7A448537387CB9487E281E5F47A","SCT_0022"
"70F72361B3F70D6DF40D5E7EDE3760BCF6921BF9C6A6B570FC3E8A713C9C89B3","SCT_0112"
"49DC8AEE892BC8725C2B1F83965ABFF2763EA8DF89F43D2E49AFBC418F05D7E6","65100000"
"0B30312EABC79D614EA7B47B5301B7FB4E2D8DBD8884124D2DCA72B665673373","41000000"
"980C6F1247E9D42B98E311F6488D5565D0B5115A68BE697376185F0D4735D165","61061000"
"815BFEA7AEACB19BB199D19E8DF464EEE87FA63DFD43E8302BCF35A17024FFBB","65008000"
"B65EE5613E5964DEDD8BE57738FC5BEA6007DC86CF786676A23CDB7D175D6A65","51100000"
"ADD95BCC26090C8E037A2DA00E61FAA309F7FA461DE3E614798D84C98DBCBDF3","63003000"
"3705390AEBB0A8D6F6D95B88231FF13A2C03F296525D7FD789E75A749CB1890E","51600000"
"A9C05771659003DDC53DF691CFED2542B4106CBA1468B7CC2CAD62A29EB40B9A","54051000"
"D28E87409DDACF68BCFF2B521879E10E3F7DF2537AED8B4C802851C0E1260DD7","63005000"
"1FA21E5FADC19C3003D24700486B1C5AF5630E7351092854F3D05F45174E7ADA","61060000"
"247483213F2C0AFFB8C9530F5998E86E033FDE6687EE4F38A30DE477FA28B276","44000000"
"042E13CD589BFB8D8698301A9FF761524B5716105AC00AC18DAB8BC8EA313217","44001000"
"AEDF10924F7A00646F7AE667970F7C916CCB6CD6F0D11B6F0BF2259FB14456B5","64030000"
"2FF8BFECCC5B192049B4FB9892DBFD65CB9B2E8D910E4E293368901B60FDFD34","64007000"
"0054C8556503C34D170DECBB6D178B936042309F3B6B975E5CA1C7142CC02C8F","50307000"
"3E034D3D7520CCA3B6F1BE24995BE8D9719CB3371BE7072F544725BDB9250F4C","50303000"
"3B41D79795A45A666FC255C2CF010C41C618139004B52145DC93F42B48B72258","70800000"
"60961AE65CA1932002782801CB36A5A649E80000ABBB0BE2546F044ECC91E3F1","65000500"
"5A6180E33000DC2005E3D8BE29D96C5ED0DA098B41858B8A9645E53B75410EEC","50301000"
"6D1841E04FE9486BB616CC553F16F6B634EAA5A7A21E5EF944EF3C84042E47B5","50306000"
"1610BC11054039D32D8765E44F9AFEE8974765076CE651CB2A9897467CFF5C1D","50305000"
"93B579B252A8C39C23A0EF6DD82010A63DC536D4B1463A422778F7326F1CB2C5","63000000"
"F41DBF7CE0DF304035CE5F884450C0967F8674BEFD524E6623E908FA060CE18C","65008500"
"5CB0D5EFB417A91EFAE1ED45769FA74927E8EAF80CA43E279793F81B1F4CC7E6","64001000"
"23A87417A6EF54C5690D31E7D965AEC52FD7D8EC1144E3E52647C993873F7EDE","71100000"
"07118EDA7313DBD8387451F3F456D1124FFC7D1002C3824A94054A767D9B0A4C","64008000"
"7FEB22E90297A21E0558662F5D63ECCACF03E94B2CB9B6AF79FA1B0538CC95E3","64006000"
"B0F2D384320DC66BA669E825AE4B87BB80E1737623EBFBDD3ABB7C718D39DD59","72510000"
"7602D7DC23AEA3A2AAB09EAD7BC414285067C66C5A7F15EE750F935F5CA92BFF","64002000"
"2A56EF47204F6D633C80B98B4300ADFBB14E8FEF6508BDA78A3EF7071719896D","64004000"
"18B0C6ACD6E784CC070253F4153F3D988DB204948A7756E354A8FF5284914F23","65301000"
"67C3D5D44C1944F34C4640EA73D948A502CCE6CC5DF84258A8BA91E5C87E4E1B","41000400"
"B2D9F87F68A9E22A8966A095C072FC014AECE98680772F100DEF7F0D60350C40","64021000"
"1E34B3C590416A1795EF1F1B8F3C236D7A0A29A3A9831282F40FC5D5DBAC0077","61007000"
"28403F52AE96871236DFD08704B3E36BC3A202B93B31C30B3DEEFA51828A62FF","61100000"
"34B79BAAFAB6AEBB0E3EA80257C5E00A496C68B90E127EB5263840772C3245B4","50304000"
"26522CCCACDF7106683215CEE91BF310947B3EE69CAB112985373137EB47929F","51700000"
"97437783AD10110D6BFE8138F75F752E4D0F6EC30862E4C1D5006FED6EDC4D63","61400000"
"26F577995CBA4DD69BE501E0D7803AD1276013FF2656BE38109B097F3BC4E247","65008300"
"5672ADF749AE084FB2C4F4DD300F98BF7CCB62A3B2CF0F0B358396D3CE0FC8C4","66000000"
"8791D50FD75981AF61B8FBA422A002D737B80442D4529DB90E81867935C8F655","54053000"
"42F6379222D9E74F2D37A7543C49F3E85CC82D513CA65616D6204DB3EDBE83DC","70015000"
"81E22CCAFB0137F51C2FF5BB62B18A6EE085C3890E5B2944D7D517FBD91CB378","63004000"
"45C665DCE4526E268FFF14A0DC02FE1E3D09ADDEF954A2C9E4D27757E07F4339","41090000"
"BE6C5E657AFC3B263F4D58DEF12DA435205DCA108B809DCACA9F4C8542BF1FDB","65002000"
"FDD55E998FE4F3D0266804364F30022D2671F5A01726EBB11F89553ABA95A6C8","71050000"
"2B30AD910FD7584BE0F60A61D43078C0A406DCE48A7C1BC5DDDB50DBCB496A47","61104000"
"6C32828C24FEA2C9FF621E1DB1774F06221036D9D578E035914F54DA0394199D","52021000"
"2764391E0009334F70E91E4AA265275CB7679FED2449F568A7BD560F5384BA12","62000000"
"173926069425B3612FFD802D0B92C77B9DED1874CD1FB7F81993E8924E3B5B71","65000000"
"ADCCD9BF5E95DD5C49BE13D81D9A89BB60F13C3C1A8D29C7F9A5F1EFBE10F9E0","50302000"
"C7DEC480896DDB420E476904A26BC75156047349C155DC787B0CC6E2E10944BB","72010000"
"42F82799F847B029A7518ED360B8E603169BCD2B326A8B05756C535B8858AB0B","64020000"
"582D4754093597A1A837100D82994AE4B1BC4C4D1F9D864C8E552E3402FE7C2E","65200000"
"C34DCE707D290862A78294DEDC304E03A205A2C931A4CA583C3E51EC1A5D6318","61003000"