"ID_SNAPSHOT_ENT","ID_SNAPSHOT_ENT_PAR","ID_STRUCT_NODE","ID_STRUCT_NODE_PAR","ID_SNAPSHOT","ID_STRUCT_LINK"
"A5A80FC1C586477C1B0E2E5BA52EE57AEFE8AA56EF60328F2DD230D3E6AADAAD","EEE1EB3DBDE65B883162E0861DB2B4070059FBE468CF821C21D476CD159218BC","7605077042C4AC331800870AA421350D","8505077042C4AC331800870AA421350D","C70A077042C4AC331800870AA421350D","F306077042C4AC331800870AA421350D"
"99AFA878A60DB600E425D3139190F109BA7033D09AE071FAE621E9ECF76386C6","5054FBF1132CB0432DFF72B467C20E85B0BF864D45A213F04946E2FB4A2AA7FD","7605077042C4AC331800870AA421350D","8505077042C4AC331800870AA421350D","C80A077042C4AC331800870AA421350D","F306077042C4AC331800870AA421350D"
"BD72C0067045EDF6394FA7CA0FF8C80136CAE84837C8666A64B75360ED685C7E","6BEBED28CF3BE62E317E21C3C90CE12366C6042D110D16501EC50281DB7BC039","7705077042C4AC331800870AA421350D","8205077042C4AC331800870AA421350D","C70A077042C4AC331800870AA421350D","F406077042C4AC331800870AA421350D"
"D443A1ACBF6DA3F7FB086E923861985C33C898C8859633C1D3F07A52B6BC3BCD","116E8A9E489C7B53996FF8AB59C672DC08DFA3A1715E24E0387077F2DB50FE49","7705077042C4AC331800870AA421350D","8205077042C4AC331800870AA421350D","C80A077042C4AC331800870AA421350D","F406077042C4AC331800870AA421350D"
"6B65C1281F5FF7B137E06553986E1B4CDF4D225F0F293518532A059EE01A2D1B","9CF305DF7DC9933A7179433DBD90A6A38E544CA9EFB3E041F492F31AB1557DEC","7805077042C4AC331800870AA421350D","8005077042C4AC331800870AA421350D","C70A077042C4AC331800870AA421350D","F206077042C4AC331800870AA421350D"
"D1BCCA9267CB1E98B9C3FC733D9D8E6F67AB2A199EB559C912AEA902D8749387","01E4BFD2F962AC49FD34064449B029634927DF1799490C24A4DEFD211FA67320","7805077042C4AC331800870AA421350D","8005077042C4AC331800870AA421350D","C80A077042C4AC331800870AA421350D","F206077042C4AC331800870AA421350D"
"C95AA12919C88A2E7699FA1097D39F7423B72C2F92E797E7BF4A470E5BC3F3BA","D6584E85F51BF335E644936BAF0DB4933886DB36C779163245504FB31EF3848C","7905077042C4AC331800870AA421350D","7E05077042C4AC331800870AA421350D","C70A077042C4AC331800870AA421350D","F106077042C4AC331800870AA421350D"
"406A63473A6D9AE2BFEE3761A0D9BAC02AD9922FFEE41F8630979D0825F7AB90","B8808BEF3B280F577B4B69729793E4BC37D140BAC41F79234B3B3F85F70FAAE2","7905077042C4AC331800870AA421350D","7E05077042C4AC331800870AA421350D","C80A077042C4AC331800870AA421350D","F106077042C4AC331800870AA421350D"
"78C083A4F90118A57A5B4E606F9295418D5B4146B55209285DC9228DCF809068","64A75661163A47E3659E7184B08AB1214C08DAFBB5D8ED8B910635DE0D1C92EC","7A05077042C4AC331800870AA421350D","8305077042C4AC331800870AA421350D","C70A077042C4AC331800870AA421350D","F606077042C4AC331800870AA421350D"
"D155B5DC42DC5786C6721EE01D3C09ED847BB95E1EA4A993102F081423EF64E7","BA6F74E98FD2374B7D58B8E3EB4990FA8F17752D260807BED40A6411511F2E83","7A05077042C4AC331800870AA421350D","8305077042C4AC331800870AA421350D","C80A077042C4AC331800870AA421350D","F606077042C4AC331800870AA421350D"
"951633D2F30742EC94E4E763449E0D8BCFF42D83AFABC901642FB109442993F3","058429F829F099D0D8E505142045324248EADD8F95BC1F40A6CB7225CFE1A504","7B05077042C4AC331800870AA421350D","8405077042C4AC331800870AA421350D","C70A077042C4AC331800870AA421350D","F706077042C4AC331800870AA421350D"
"71B2BB0F1E62157F2EC545E94F524E3FCEDF4BE0C61E1C00BF20E07F3DDF162E","A46625613191A7160C03DE4196905518311CF4DAEB66FF8F2C7F2936CB291D9F","7B05077042C4AC331800870AA421350D","8405077042C4AC331800870AA421350D","C80A077042C4AC331800870AA421350D","F706077042C4AC331800870AA421350D"
"0CB624D61299972FCFB985E513C7F7AF326B8B7527582AC68963B2FF5901A0CC","4D067E1ED1AB59DF45CA3748377651D13C78CC4730431B31A7C77D41767448A7","7C05077042C4AC331800870AA421350D","8105077042C4AC331800870AA421350D","C70A077042C4AC331800870AA421350D","F506077042C4AC331800870AA421350D"
"B6F2F2F7BB06F1A326FE1C510E609E04C7984A4C7A6207CEF93DA944814AEE89","C9E4310E980BF666F15515467F834C6FF7A99947358B17C607BC1EF8F7C1696A","7C05077042C4AC331800870AA421350D","8105077042C4AC331800870AA421350D","C80A077042C4AC331800870AA421350D","F506077042C4AC331800870AA421350D"
"9EC801A7E48673FE5EDBB37F3D4DA3DEE0215DD9856B1BEF1729ED649D861011","B6CE9ED40BE4EC8922C1E86CB57F2E5AAB12B2ACE3C445138D37376CD1C90009","7D05077042C4AC331800870AA421350D","8705077042C4AC331800870AA421350D","C70A077042C4AC331800870AA421350D","F806077042C4AC331800870AA421350D"
"6D6FED978E2D10C4E43F820E3B762680E921A866FCBB37F4253375EDE2C9D923","3CA2B5B7249B1CCDE17BAA51CC381064E11EEA581BE2341524803E6513C8100F","7D05077042C4AC331800870AA421350D","8705077042C4AC331800870AA421350D","C80A077042C4AC331800870AA421350D","F806077042C4AC331800870AA421350D"
"D6584E85F51BF335E644936BAF0DB4933886DB36C779163245504FB31EF3848C","D66EF7820E89C699D526DDCDE8017D33E8D186741A23BC0BB552D4F541AEF795","7E05077042C4AC331800870AA421350D","8605077042C4AC331800870AA421350D","C70A077042C4AC331800870AA421350D","FA06077042C4AC331800870AA421350D"
"B8808BEF3B280F577B4B69729793E4BC37D140BAC41F79234B3B3F85F70FAAE2","90DFCFA887E0B8A08A4C260B9516166BB2D158E8D7626F4B928FFEA5E0724172","7E05077042C4AC331800870AA421350D","8605077042C4AC331800870AA421350D","C80A077042C4AC331800870AA421350D","FA06077042C4AC331800870AA421350D"
"DCB946596DF396D94939F5B4DA3BD4676996ABFE83A6766F68A56CCC02A56115","C95AA12919C88A2E7699FA1097D39F7423B72C2F92E797E7BF4A470E5BC3F3BA","7F05077042C4AC331800870AA421350D","7905077042C4AC331800870AA421350D","C70A077042C4AC331800870AA421350D","F906077042C4AC331800870AA421350D"
"ED33238766ED40200D7A79CDA6015A5E28C7CCCE34560144A4EEF1FF44CD3E06","406A63473A6D9AE2BFEE3761A0D9BAC02AD9922FFEE41F8630979D0825F7AB90","7F05077042C4AC331800870AA421350D","7905077042C4AC331800870AA421350D","C80A077042C4AC331800870AA421350D","F906077042C4AC331800870AA421350D"
"9CF305DF7DC9933A7179433DBD90A6A38E544CA9EFB3E041F492F31AB1557DEC","D66EF7820E89C699D526DDCDE8017D33E8D186741A23BC0BB552D4F541AEF795","8005077042C4AC331800870AA421350D","8605077042C4AC331800870AA421350D","C70A077042C4AC331800870AA421350D","FB06077042C4AC331800870AA421350D"
"01E4BFD2F962AC49FD34064449B029634927DF1799490C24A4DEFD211FA67320","90DFCFA887E0B8A08A4C260B9516166BB2D158E8D7626F4B928FFEA5E0724172","8005077042C4AC331800870AA421350D","8605077042C4AC331800870AA421350D","C80A077042C4AC331800870AA421350D","FB06077042C4AC331800870AA421350D"
"4D067E1ED1AB59DF45CA3748377651D13C78CC4730431B31A7C77D41767448A7","D416E30C04C3B556EC14EA35DFB63FCB3652BD88238946E23F3D6B7AAE404A87","8105077042C4AC331800870AA421350D","8805077042C4AC331800870AA421350D","C70A077042C4AC331800870AA421350D","FE06077042C4AC331800870AA421350D"
"C9E4310E980BF666F15515467F834C6FF7A99947358B17C607BC1EF8F7C1696A","BBC781089ABE97D8B00205EF684F4DE6790FF4C201BDB75CBEF16F7F07470231","8105077042C4AC331800870AA421350D","8805077042C4AC331800870AA421350D","C80A077042C4AC331800870AA421350D","FE06077042C4AC331800870AA421350D"
"6BEBED28CF3BE62E317E21C3C90CE12366C6042D110D16501EC50281DB7BC039","D416E30C04C3B556EC14EA35DFB63FCB3652BD88238946E23F3D6B7AAE404A87","8205077042C4AC331800870AA421350D","8805077042C4AC331800870AA421350D","C70A077042C4AC331800870AA421350D","FD06077042C4AC331800870AA421350D"
"116E8A9E489C7B53996FF8AB59C672DC08DFA3A1715E24E0387077F2DB50FE49","BBC781089ABE97D8B00205EF684F4DE6790FF4C201BDB75CBEF16F7F07470231","8205077042C4AC331800870AA421350D","8805077042C4AC331800870AA421350D","C80A077042C4AC331800870AA421350D","FD06077042C4AC331800870AA421350D"
"64A75661163A47E3659E7184B08AB1214C08DAFBB5D8ED8B910635DE0D1C92EC","D416E30C04C3B556EC14EA35DFB63FCB3652BD88238946E23F3D6B7AAE404A87","8305077042C4AC331800870AA421350D","8805077042C4AC331800870AA421350D","C70A077042C4AC331800870AA421350D","FF06077042C4AC331800870AA421350D"
"BA6F74E98FD2374B7D58B8E3EB4990FA8F17752D260807BED40A6411511F2E83","BBC781089ABE97D8B00205EF684F4DE6790FF4C201BDB75CBEF16F7F07470231","8305077042C4AC331800870AA421350D","8805077042C4AC331800870AA421350D","C80A077042C4AC331800870AA421350D","FF06077042C4AC331800870AA421350D"
"058429F829F099D0D8E505142045324248EADD8F95BC1F40A6CB7225CFE1A504","4BF26BF6413E464D5B82B4C072B220B52655629CB0F98C04DCBA2019F63DA916","8405077042C4AC331800870AA421350D","8905077042C4AC331800870AA421350D","C70A077042C4AC331800870AA421350D","0007077042C4AC331800870AA421350D"
"A46625613191A7160C03DE4196905518311CF4DAEB66FF8F2C7F2936CB291D9F","CF03F128C8AA0BCF45088462F237FBD7156C5DEFA9958A386F013A2407379F13","8405077042C4AC331800870AA421350D","8905077042C4AC331800870AA421350D","C80A077042C4AC331800870AA421350D","0007077042C4AC331800870AA421350D"
"EEE1EB3DBDE65B883162E0861DB2B4070059FBE468CF821C21D476CD159218BC","D66EF7820E89C699D526DDCDE8017D33E8D186741A23BC0BB552D4F541AEF795","8505077042C4AC331800870AA421350D","8605077042C4AC331800870AA421350D","C70A077042C4AC331800870AA421350D","FC06077042C4AC331800870AA421350D"
"5054FBF1132CB0432DFF72B467C20E85B0BF864D45A213F04946E2FB4A2AA7FD","90DFCFA887E0B8A08A4C260B9516166BB2D158E8D7626F4B928FFEA5E0724172","8505077042C4AC331800870AA421350D","8605077042C4AC331800870AA421350D","C80A077042C4AC331800870AA421350D","FC06077042C4AC331800870AA421350D"
"D66EF7820E89C699D526DDCDE8017D33E8D186741A23BC0BB552D4F541AEF795","00176FB6E477274772DDAA8C3354292453CC645307C5052DDBBAA4BF55CD8742","8605077042C4AC331800870AA421350D","","C70A077042C4AC331800870AA421350D","0207077042C4AC331800870AA421350D"
"90DFCFA887E0B8A08A4C260B9516166BB2D158E8D7626F4B928FFEA5E0724172","3D2CF536A126290ECCD09943393D6FAA6D6A134EEED70B50E7664297A3E33000","8605077042C4AC331800870AA421350D","","C80A077042C4AC331800870AA421350D","0207077042C4AC331800870AA421350D"
"B6CE9ED40BE4EC8922C1E86CB57F2E5AAB12B2ACE3C445138D37376CD1C90009","4BF26BF6413E464D5B82B4C072B220B52655629CB0F98C04DCBA2019F63DA916","8705077042C4AC331800870AA421350D","8905077042C4AC331800870AA421350D","C70A077042C4AC331800870AA421350D","0107077042C4AC331800870AA421350D"
"3CA2B5B7249B1CCDE17BAA51CC381064E11EEA581BE2341524803E6513C8100F","CF03F128C8AA0BCF45088462F237FBD7156C5DEFA9958A386F013A2407379F13","8705077042C4AC331800870AA421350D","8905077042C4AC331800870AA421350D","C80A077042C4AC331800870AA421350D","0107077042C4AC331800870AA421350D"
"D416E30C04C3B556EC14EA35DFB63FCB3652BD88238946E23F3D6B7AAE404A87","00176FB6E477274772DDAA8C3354292453CC645307C5052DDBBAA4BF55CD8742","8805077042C4AC331800870AA421350D","","C70A077042C4AC331800870AA421350D","0307077042C4AC331800870AA421350D"
"BBC781089ABE97D8B00205EF684F4DE6790FF4C201BDB75CBEF16F7F07470231","3D2CF536A126290ECCD09943393D6FAA6D6A134EEED70B50E7664297A3E33000","8805077042C4AC331800870AA421350D","","C80A077042C4AC331800870AA421350D","0307077042C4AC331800870AA421350D"
"4BF26BF6413E464D5B82B4C072B220B52655629CB0F98C04DCBA2019F63DA916","00176FB6E477274772DDAA8C3354292453CC645307C5052DDBBAA4BF55CD8742","8905077042C4AC331800870AA421350D","","C70A077042C4AC331800870AA421350D","0407077042C4AC331800870AA421350D"
"CF03F128C8AA0BCF45088462F237FBD7156C5DEFA9958A386F013A2407379F13","3D2CF536A126290ECCD09943393D6FAA6D6A134EEED70B50E7664297A3E33000","8905077042C4AC331800870AA421350D","","C80A077042C4AC331800870AA421350D","0407077042C4AC331800870AA421350D"
"C4014C97EFB741204F16B02BA5AC1AD99C6DA2FBA55BCBC1CC9296E11C66A2F1","E8A8662F6AB1BE1FECD3EE7D42873E26B92404978708D66E4326256F632998CB","8A05077042C4AC331800870AA421350D","9C05077042C4AC331800870AA421350D","C70A077042C4AC331800870AA421350D","0D07077042C4AC331800870AA421350D"
"C2C09F2DFE718491165E92EA9DF312DF99AFDFEBFFD2A74BB3C40CB309472183","A3D0BE87D4E37FCCD4A0854146A7632EFD695932CBDB949EA3D895E79C627826","8A05077042C4AC331800870AA421350D","9C05077042C4AC331800870AA421350D","C80A077042C4AC331800870AA421350D","0D07077042C4AC331800870AA421350D"
"B7D47FD42F93CD40165CD0F21B04985E14F00ADBBD9E790FC44F18D9DC86C18D","9E8AAE1B69AC12537B55E020F015A92EE53731FC961D4B117F05884770DA7F6C","8B05077042C4AC331800870AA421350D","A105077042C4AC331800870AA421350D","C70A077042C4AC331800870AA421350D","1707077042C4AC331800870AA421350D"
"CE7A749C2DD0A2DF568D08EE1469A8018F63313F8A5F48C1D72812FC9B890BDE","5104CF0A067EDA1B85CC3C1E607DB928D23BFA3BB849FBEE79E58AA1AAA4B685","8B05077042C4AC331800870AA421350D","A105077042C4AC331800870AA421350D","C80A077042C4AC331800870AA421350D","1707077042C4AC331800870AA421350D"
"F2F33AA1FE2FF713ED8EE0999258B19E41BBA90B64C12FC9DD40C4F31716C6A3","00176FB6E477274772DDAA8C3354292453CC645307C5052DDBBAA4BF55CD8742","8C05077042C4AC331800870AA421350D","","C70A077042C4AC331800870AA421350D","1C07077042C4AC331800870AA421350D"
"28802CBC0B795993AC22158FCD37D6F2C571E8F14D6856A0FCEC4030A287DAD0","3D2CF536A126290ECCD09943393D6FAA6D6A134EEED70B50E7664297A3E33000","8C05077042C4AC331800870AA421350D","","C80A077042C4AC331800870AA421350D","1C07077042C4AC331800870AA421350D"
"8031A68AB123F2E9C296D5D06ED5361CAF6EB8FF91D76C46F47B6A5F250D5A9E","E8A8662F6AB1BE1FECD3EE7D42873E26B92404978708D66E4326256F632998CB","8D05077042C4AC331800870AA421350D","9C05077042C4AC331800870AA421350D","C70A077042C4AC331800870AA421350D","0C07077042C4AC331800870AA421350D"
"518C9FDCEBAD7CB57CEBFD1BE682CC2146D78D569E08884BED187EFFDB0EA94D","A3D0BE87D4E37FCCD4A0854146A7632EFD695932CBDB949EA3D895E79C627826","8D05077042C4AC331800870AA421350D","9C05077042C4AC331800870AA421350D","C80A077042C4AC331800870AA421350D","0C07077042C4AC331800870AA421350D"
"54523076E29B0A8E7EA920631EA584C60BC1BDCD9165B1EBC48763F91E4ADB64","9E8AAE1B69AC12537B55E020F015A92EE53731FC961D4B117F05884770DA7F6C","8E05077042C4AC331800870AA421350D","A105077042C4AC331800870AA421350D","C70A077042C4AC331800870AA421350D","1607077042C4AC331800870AA421350D"
"5316C4AC44B721E75E5D792112FFDB004A4DA38F2151E6C3E2FAAF5C8019F56A","5104CF0A067EDA1B85CC3C1E607DB928D23BFA3BB849FBEE79E58AA1AAA4B685","8E05077042C4AC331800870AA421350D","A105077042C4AC331800870AA421350D","C80A077042C4AC331800870AA421350D","1607077042C4AC331800870AA421350D"
"EDAF62E61EF676DF69432BB39A3867763E78CD9430683948F4B7090F431D7A58","E8A8662F6AB1BE1FECD3EE7D42873E26B92404978708D66E4326256F632998CB","8F05077042C4AC331800870AA421350D","9C05077042C4AC331800870AA421350D","C70A077042C4AC331800870AA421350D","0E07077042C4AC331800870AA421350D"
"D68A01F73307FF06EA599FD8F5A50C7BC14369AC2A3DE3D4AE5C291E72DFCC13","A3D0BE87D4E37FCCD4A0854146A7632EFD695932CBDB949EA3D895E79C627826","8F05077042C4AC331800870AA421350D","9C05077042C4AC331800870AA421350D","C80A077042C4AC331800870AA421350D","0E07077042C4AC331800870AA421350D"
"4FE398EA29A48CB98ADF28ED7A49E03AD58685D4C879684347B85A375F6D6AB7","E68270ADB8CB5784E8B78458E9BBDBF71C9590987404A73B9E887137C405513B","9005077042C4AC331800870AA421350D","9B05077042C4AC331800870AA421350D","C70A077042C4AC331800870AA421350D","0F07077042C4AC331800870AA421350D"
"C7A58773161B0EDBD1259855EA7B96613304EDA93D00EE52160A256023AC3FE3","969C297EEB8AA65328284C96DD6D3E8CE120AAA56BA247649D572E74CA28D503","9005077042C4AC331800870AA421350D","9B05077042C4AC331800870AA421350D","C80A077042C4AC331800870AA421350D","0F07077042C4AC331800870AA421350D"
"5CEDF876B4D398F2560125A542E87F40F6A2AB2B3216B668AFF68565825734F3","00176FB6E477274772DDAA8C3354292453CC645307C5052DDBBAA4BF55CD8742","9105077042C4AC331800870AA421350D","","C70A077042C4AC331800870AA421350D","1A07077042C4AC331800870AA421350D"
"32CA3DA5CA68503D4564417056D0B029F3501B9A9E1B7633DB7FDF045E45F16F","3D2CF536A126290ECCD09943393D6FAA6D6A134EEED70B50E7664297A3E33000","9105077042C4AC331800870AA421350D","","C80A077042C4AC331800870AA421350D","1A07077042C4AC331800870AA421350D"
"38FD6D03961396F94CD00CADEF4D6E235C07F83ADB25AE585617CF1B6538A0C0","00176FB6E477274772DDAA8C3354292453CC645307C5052DDBBAA4BF55CD8742","9205077042C4AC331800870AA421350D","","C70A077042C4AC331800870AA421350D","1B07077042C4AC331800870AA421350D"
"28436C4D0DAEBE04B04BE67F77BAFB02B2BDFD708243C34DFB6BB75902FD1B81","3D2CF536A126290ECCD09943393D6FAA6D6A134EEED70B50E7664297A3E33000","9205077042C4AC331800870AA421350D","","C80A077042C4AC331800870AA421350D","1B07077042C4AC331800870AA421350D"
"CE1559010FC93B6F4EF43BBE2B88F83E44CC5D51872560F2A781CD096ACFA69F","E68270ADB8CB5784E8B78458E9BBDBF71C9590987404A73B9E887137C405513B","9305077042C4AC331800870AA421350D","9B05077042C4AC331800870AA421350D","C70A077042C4AC331800870AA421350D","1007077042C4AC331800870AA421350D"
"4320FDD1CABDB4CBFBDEE4E3A016CC5117EFEC9B02BB723A28C425355B0E2F23","969C297EEB8AA65328284C96DD6D3E8CE120AAA56BA247649D572E74CA28D503","9305077042C4AC331800870AA421350D","9B05077042C4AC331800870AA421350D","C80A077042C4AC331800870AA421350D","1007077042C4AC331800870AA421350D"
"A764B9A0E6E1F5E21F337C93D2F60441710893138743C4B94D206E6FA212C082","DD8391451608BB37766085E17D0C3CDC84918762A739DE632F5E1DE2B314F5AE","9405077042C4AC331800870AA421350D","9D05077042C4AC331800870AA421350D","C70A077042C4AC331800870AA421350D","1107077042C4AC331800870AA421350D"
"44883D1F7A2710335B40CB741A16AB3702CFDF7426D9658C9FA90502E7A94CD3","11080866BA2FE7F1F4BE8497875A430BA8647AA26C7CA59849EDFFF67F088F61","9405077042C4AC331800870AA421350D","9D05077042C4AC331800870AA421350D","C80A077042C4AC331800870AA421350D","1107077042C4AC331800870AA421350D"
"6202EB40A1428C7B398838A7B3381CA4346257617B2DE4CCD3A7D7B47BDCB065","3F37153DEEA7335AF76CEDCF3356B1FD70C26EFB76C502157D626422DEFBC044","9505077042C4AC331800870AA421350D","9E05077042C4AC331800870AA421350D","C70A077042C4AC331800870AA421350D","1207077042C4AC331800870AA421350D"
"EE999154EA85C06ECCDD7A1F746FC89157EB859C61A8DC326E196790EED5369B","A747100D8424F44732A260E90D9BF7D401AFE9A36C0BEDA4E643D8B8CE2FB2E0","9505077042C4AC331800870AA421350D","9E05077042C4AC331800870AA421350D","C80A077042C4AC331800870AA421350D","1207077042C4AC331800870AA421350D"
"55D66BAFA310884057BEE48466A41569C609F29EC894D39ACC7F65466E7F14FA","9A329C0450F02E70386730AAD326A436D1A535F58AB5A8C3E5DD0649C6A5DC6B","9605077042C4AC331800870AA421350D","9F05077042C4AC331800870AA421350D","C70A077042C4AC331800870AA421350D","1307077042C4AC331800870AA421350D"
"21FD9103A64DD7609CE71E6937CBAF53BCF3075A699CCE8CFE8ADACC15FEFF66","600061012027955E6F1ECCBCF25CD9D49DD6604440857D3DBD74C04802557755","9605077042C4AC331800870AA421350D","9F05077042C4AC331800870AA421350D","C80A077042C4AC331800870AA421350D","1307077042C4AC331800870AA421350D"
"626A42FBE4D6FE6A404099DCA59137BFE96D9E7C3EC5E58CAC6ACB35FE13E7C3","E68DFE2D1F9D893CB3E74144D30350B1738FB40469DBE7F336C665330A12B5D1","9705077042C4AC331800870AA421350D","A005077042C4AC331800870AA421350D","C70A077042C4AC331800870AA421350D","1407077042C4AC331800870AA421350D"
"18A5AD21F20B04471776C869FE7F259D27643D388A00C03AB69F2DF485803DD4","BB62AFFB0FECC27641BFFA73F4969C423DFB6C91AFF7A2A561A45063F84607BF","9705077042C4AC331800870AA421350D","A005077042C4AC331800870AA421350D","C80A077042C4AC331800870AA421350D","1407077042C4AC331800870AA421350D"
"C4EFC751F2093B2FAD4E4EB2506BFC6741B23590AD026D723BEECA530924A55C","9E8AAE1B69AC12537B55E020F015A92EE53731FC961D4B117F05884770DA7F6C","9805077042C4AC331800870AA421350D","A105077042C4AC331800870AA421350D","C70A077042C4AC331800870AA421350D","1507077042C4AC331800870AA421350D"
"F1CFC8A9F8034892F8AC94741E5B6751EB6AB0F5F967B078F43F78D936799556","5104CF0A067EDA1B85CC3C1E607DB928D23BFA3BB849FBEE79E58AA1AAA4B685","9805077042C4AC331800870AA421350D","A105077042C4AC331800870AA421350D","C80A077042C4AC331800870AA421350D","1507077042C4AC331800870AA421350D"
"D3D5D15E2420ED3B2019E6F0AA36B9C56A995AB5345B2AC9780FEE5039105532","9E8AAE1B69AC12537B55E020F015A92EE53731FC961D4B117F05884770DA7F6C","9905077042C4AC331800870AA421350D","A105077042C4AC331800870AA421350D","C70A077042C4AC331800870AA421350D","1807077042C4AC331800870AA421350D"
"2843D7957FFFBD05603793335B46472EFAE57C97DB43766E1723FDF9088F4D3C","5104CF0A067EDA1B85CC3C1E607DB928D23BFA3BB849FBEE79E58AA1AAA4B685","9905077042C4AC331800870AA421350D","A105077042C4AC331800870AA421350D","C80A077042C4AC331800870AA421350D","1807077042C4AC331800870AA421350D"
"A7811B6330F408E5B5DDF2E1D43955AFF19AB9A8A411D25C1AB1CDE621EAE130","E8A8662F6AB1BE1FECD3EE7D42873E26B92404978708D66E4326256F632998CB","9A05077042C4AC331800870AA421350D","9C05077042C4AC331800870AA421350D","C70A077042C4AC331800870AA421350D","1907077042C4AC331800870AA421350D"
"341649BC51283F2E207AD9B0CEB1FDA94A742A2C9E3682AE1CB8540822BE8CCE","A3D0BE87D4E37FCCD4A0854146A7632EFD695932CBDB949EA3D895E79C627826","9A05077042C4AC331800870AA421350D","9C05077042C4AC331800870AA421350D","C80A077042C4AC331800870AA421350D","1907077042C4AC331800870AA421350D"
"E68270ADB8CB5784E8B78458E9BBDBF71C9590987404A73B9E887137C405513B","00176FB6E477274772DDAA8C3354292453CC645307C5052DDBBAA4BF55CD8742","9B05077042C4AC331800870AA421350D","","C70A077042C4AC331800870AA421350D","0607077042C4AC331800870AA421350D"
"969C297EEB8AA65328284C96DD6D3E8CE120AAA56BA247649D572E74CA28D503","3D2CF536A126290ECCD09943393D6FAA6D6A134EEED70B50E7664297A3E33000","9B05077042C4AC331800870AA421350D","","C80A077042C4AC331800870AA421350D","0607077042C4AC331800870AA421350D"
"E8A8662F6AB1BE1FECD3EE7D42873E26B92404978708D66E4326256F632998CB","00176FB6E477274772DDAA8C3354292453CC645307C5052DDBBAA4BF55CD8742","9C05077042C4AC331800870AA421350D","","C70A077042C4AC331800870AA421350D","0507077042C4AC331800870AA421350D"
"A3D0BE87D4E37FCCD4A0854146A7632EFD695932CBDB949EA3D895E79C627826","3D2CF536A126290ECCD09943393D6FAA6D6A134EEED70B50E7664297A3E33000","9C05077042C4AC331800870AA421350D","","C80A077042C4AC331800870AA421350D","0507077042C4AC331800870AA421350D"
"DD8391451608BB37766085E17D0C3CDC84918762A739DE632F5E1DE2B314F5AE","00176FB6E477274772DDAA8C3354292453CC645307C5052DDBBAA4BF55CD8742","9D05077042C4AC331800870AA421350D","","C70A077042C4AC331800870AA421350D","0707077042C4AC331800870AA421350D"
"11080866BA2FE7F1F4BE8497875A430BA8647AA26C7CA59849EDFFF67F088F61","3D2CF536A126290ECCD09943393D6FAA6D6A134EEED70B50E7664297A3E33000","9D05077042C4AC331800870AA421350D","","C80A077042C4AC331800870AA421350D","0707077042C4AC331800870AA421350D"
"3F37153DEEA7335AF76CEDCF3356B1FD70C26EFB76C502157D626422DEFBC044","00176FB6E477274772DDAA8C3354292453CC645307C5052DDBBAA4BF55CD8742","9E05077042C4AC331800870AA421350D","","C70A077042C4AC331800870AA421350D","0807077042C4AC331800870AA421350D"
"A747100D8424F44732A260E90D9BF7D401AFE9A36C0BEDA4E643D8B8CE2FB2E0","3D2CF536A126290ECCD09943393D6FAA6D6A134EEED70B50E7664297A3E33000","9E05077042C4AC331800870AA421350D","","C80A077042C4AC331800870AA421350D","0807077042C4AC331800870AA421350D"
"9A329C0450F02E70386730AAD326A436D1A535F58AB5A8C3E5DD0649C6A5DC6B","00176FB6E477274772DDAA8C3354292453CC645307C5052DDBBAA4BF55CD8742","9F05077042C4AC331800870AA421350D","","C70A077042C4AC331800870AA421350D","0907077042C4AC331800870AA421350D"
"600061012027955E6F1ECCBCF25CD9D49DD6604440857D3DBD74C04802557755","3D2CF536A126290ECCD09943393D6FAA6D6A134EEED70B50E7664297A3E33000","9F05077042C4AC331800870AA421350D","","C80A077042C4AC331800870AA421350D","0907077042C4AC331800870AA421350D"
"E68DFE2D1F9D893CB3E74144D30350B1738FB40469DBE7F336C665330A12B5D1","00176FB6E477274772DDAA8C3354292453CC645307C5052DDBBAA4BF55CD8742","A005077042C4AC331800870AA421350D","","C70A077042C4AC331800870AA421350D","0A07077042C4AC331800870AA421350D"
"BB62AFFB0FECC27641BFFA73F4969C423DFB6C91AFF7A2A561A45063F84607BF","3D2CF536A126290ECCD09943393D6FAA6D6A134EEED70B50E7664297A3E33000","A005077042C4AC331800870AA421350D","","C80A077042C4AC331800870AA421350D","0A07077042C4AC331800870AA421350D"
"9E8AAE1B69AC12537B55E020F015A92EE53731FC961D4B117F05884770DA7F6C","00176FB6E477274772DDAA8C3354292453CC645307C5052DDBBAA4BF55CD8742","A105077042C4AC331800870AA421350D","","C70A077042C4AC331800870AA421350D","0B07077042C4AC331800870AA421350D"
"5104CF0A067EDA1B85CC3C1E607DB928D23BFA3BB849FBEE79E58AA1AAA4B685","3D2CF536A126290ECCD09943393D6FAA6D6A134EEED70B50E7664297A3E33000","A105077042C4AC331800870AA421350D","","C80A077042C4AC331800870AA421350D","0B07077042C4AC331800870AA421350D"
"439A0B4CB587B45BD28D8FD81724A4574C7999D7B97C2DBDCE7DB6D589CB2FA4","00176FB6E477274772DDAA8C3354292453CC645307C5052DDBBAA4BF55CD8742","A205077042C4AC331800870AA421350D","","C70A077042C4AC331800870AA421350D","1D07077042C4AC331800870AA421350D"
"8CA92986A9C8FA2F6F8295281B2D02E461C527C7D201D4FE302487D01929E3D0","3D2CF536A126290ECCD09943393D6FAA6D6A134EEED70B50E7664297A3E33000","A205077042C4AC331800870AA421350D","","C80A077042C4AC331800870AA421350D","1D07077042C4AC331800870AA421350D"
"BD00FB7F08CDF50C3A77314C4AC308AF9459524BA2256EF97A35D3319BF37AA1","13444A5078D2224B0B0CE494528E9432B7B81FC8B93E8D63F02972268A27E551","A305077042C4AC331800870AA421350D","B505077042C4AC331800870AA421350D","C70A077042C4AC331800870AA421350D","1E07077042C4AC331800870AA421350D"
"1898FDB82F43F54A4C2FE2C87717C2CC1E2541905C06E6ADA7D9C0F2FE0DEE6C","CC96B3683AED5402F71FE8AC337D8E0EB3608FCAE67B45EBA6F0674376F1D423","A305077042C4AC331800870AA421350D","B505077042C4AC331800870AA421350D","C80A077042C4AC331800870AA421350D","1E07077042C4AC331800870AA421350D"
"B7C913B036D7E1A97FC97650E6709CCEC29DC3F9D2DD6ED4BAA8858C0E4449F5","BD00FB7F08CDF50C3A77314C4AC308AF9459524BA2256EF97A35D3319BF37AA1","A405077042C4AC331800870AA421350D","A305077042C4AC331800870AA421350D","C70A077042C4AC331800870AA421350D","1F07077042C4AC331800870AA421350D"
"A4FC7657BAB15B087AA0662143418688E8B3743610D1933CBFF5195746127B6A","1898FDB82F43F54A4C2FE2C87717C2CC1E2541905C06E6ADA7D9C0F2FE0DEE6C","A405077042C4AC331800870AA421350D","A305077042C4AC331800870AA421350D","C80A077042C4AC331800870AA421350D","1F07077042C4AC331800870AA421350D"
"C7AF0D6F27FA81C47EF688DD518D42342140AD59FDDDC5748CABE0ED3C421079","439A0B4CB587B45BD28D8FD81724A4574C7999D7B97C2DBDCE7DB6D589CB2FA4","A505077042C4AC331800870AA421350D","A205077042C4AC331800870AA421350D","C70A077042C4AC331800870AA421350D","2007077042C4AC331800870AA421350D"
"595BB4C68C1784CEC444B1DC15960B4754B81F15168D6B80CC2E27C4C8904A09","8CA92986A9C8FA2F6F8295281B2D02E461C527C7D201D4FE302487D01929E3D0","A505077042C4AC331800870AA421350D","A205077042C4AC331800870AA421350D","C80A077042C4AC331800870AA421350D","2007077042C4AC331800870AA421350D"
"91D86EA211E9EC945C4A4C57D99D9CDF4D3D1D7054D3961A1422C911615D7DD5","C7AF0D6F27FA81C47EF688DD518D42342140AD59FDDDC5748CABE0ED3C421079","A605077042C4AC331800870AA421350D","A505077042C4AC331800870AA421350D","C70A077042C4AC331800870AA421350D","2107077042C4AC331800870AA421350D"
"BD4D337B584CCCEA1507476FD4E7E0012A354206727B99A0F7C94FAFEAF38A3C","595BB4C68C1784CEC444B1DC15960B4754B81F15168D6B80CC2E27C4C8904A09","A605077042C4AC331800870AA421350D","A505077042C4AC331800870AA421350D","C80A077042C4AC331800870AA421350D","2107077042C4AC331800870AA421350D"
"8B5367A795886A7E19D370F488FA17DA3E8F8EF4D1AF55747F6831B96EFF8C3C","91D86EA211E9EC945C4A4C57D99D9CDF4D3D1D7054D3961A1422C911615D7DD5","A705077042C4AC331800870AA421350D","A605077042C4AC331800870AA421350D","C70A077042C4AC331800870AA421350D","2207077042C4AC331800870AA421350D"
"4EE391E26925CE357CCCD8D9CA54B239552E321CD63DB3AD83C4CC3040797378","BD4D337B584CCCEA1507476FD4E7E0012A354206727B99A0F7C94FAFEAF38A3C","A705077042C4AC331800870AA421350D","A605077042C4AC331800870AA421350D","C80A077042C4AC331800870AA421350D","2207077042C4AC331800870AA421350D"
"19AFA6EADBE260895CEFA0B5A8F16DD594DDFEA985F5FFEA143660DC5972CC6D","C7AF0D6F27FA81C47EF688DD518D42342140AD59FDDDC5748CABE0ED3C421079","A805077042C4AC331800870AA421350D","A505077042C4AC331800870AA421350D","C70A077042C4AC331800870AA421350D","2307077042C4AC331800870AA421350D"
"7153235AA6A8D89C86C3D9C9B4B76FC26238473FC459A08BE21704240B4407CA","595BB4C68C1784CEC444B1DC15960B4754B81F15168D6B80CC2E27C4C8904A09","A805077042C4AC331800870AA421350D","A505077042C4AC331800870AA421350D","C80A077042C4AC331800870AA421350D","2307077042C4AC331800870AA421350D"
"6009788F9521B73A628510242C86AA14D1DDF10ADB0F14328E3F865FF408FC38","439A0B4CB587B45BD28D8FD81724A4574C7999D7B97C2DBDCE7DB6D589CB2FA4","A905077042C4AC331800870AA421350D","A205077042C4AC331800870AA421350D","C70A077042C4AC331800870AA421350D","2407077042C4AC331800870AA421350D"
"CAE2C5ABF35A45002628276BB05BA24F40A07B57D6A04646A66342AF33710798","8CA92986A9C8FA2F6F8295281B2D02E461C527C7D201D4FE302487D01929E3D0","A905077042C4AC331800870AA421350D","A205077042C4AC331800870AA421350D","C80A077042C4AC331800870AA421350D","2407077042C4AC331800870AA421350D"
"49252097575155C12A262DAFBC18ED6A5213D1A06E7D67AD964AFD4F7D808E78","6009788F9521B73A628510242C86AA14D1DDF10ADB0F14328E3F865FF408FC38","AA05077042C4AC331800870AA421350D","A905077042C4AC331800870AA421350D","C70A077042C4AC331800870AA421350D","2507077042C4AC331800870AA421350D"
"445184456E893D70AD29C2484DE8B792510CBD1FFBD1C2493B2FFCD175299311","CAE2C5ABF35A45002628276BB05BA24F40A07B57D6A04646A66342AF33710798","AA05077042C4AC331800870AA421350D","A905077042C4AC331800870AA421350D","C80A077042C4AC331800870AA421350D","2507077042C4AC331800870AA421350D"
"5B09832F125A96C0AD73E4117419C77C90D66C4FB8E88177803883706A5C3406","6009788F9521B73A628510242C86AA14D1DDF10ADB0F14328E3F865FF408FC38","AB05077042C4AC331800870AA421350D","A905077042C4AC331800870AA421350D","C70A077042C4AC331800870AA421350D","2607077042C4AC331800870AA421350D"
"AB245CF36B02D35CE62B7C43DB1B5E6BD2BF035AE28C39329797CAFF5E4F37D2","CAE2C5ABF35A45002628276BB05BA24F40A07B57D6A04646A66342AF33710798","AB05077042C4AC331800870AA421350D","A905077042C4AC331800870AA421350D","C80A077042C4AC331800870AA421350D","2607077042C4AC331800870AA421350D"
"8A46DBD56688D70008143E4725F94D32F555A33AE10588F7A3F9DD9021471DF8","5B09832F125A96C0AD73E4117419C77C90D66C4FB8E88177803883706A5C3406","AC05077042C4AC331800870AA421350D","AB05077042C4AC331800870AA421350D","C70A077042C4AC331800870AA421350D","2707077042C4AC331800870AA421350D"
"678AF6024DC7D0D7E0D63BB5CC217961EA412606DD71F1141908342CB9543F60","AB245CF36B02D35CE62B7C43DB1B5E6BD2BF035AE28C39329797CAFF5E4F37D2","AC05077042C4AC331800870AA421350D","AB05077042C4AC331800870AA421350D","C80A077042C4AC331800870AA421350D","2707077042C4AC331800870AA421350D"
"0AEE27F4069DE37EC4FF08177D2BEF14351397ED2C4F371C64E35C08A00FDE65","5B09832F125A96C0AD73E4117419C77C90D66C4FB8E88177803883706A5C3406","AD05077042C4AC331800870AA421350D","AB05077042C4AC331800870AA421350D","C70A077042C4AC331800870AA421350D","2807077042C4AC331800870AA421350D"
"643E59EC448285E91D6A0FECBDEA6F18C1A181E4EE2F2BEA2F73CA92B3AFEED1","AB245CF36B02D35CE62B7C43DB1B5E6BD2BF035AE28C39329797CAFF5E4F37D2","AD05077042C4AC331800870AA421350D","AB05077042C4AC331800870AA421350D","C80A077042C4AC331800870AA421350D","2807077042C4AC331800870AA421350D"
"F42EC2915B6713B3CF84687EAB9B4C220CF20921A7A57893ADAEA7FB8EB0586B","5B09832F125A96C0AD73E4117419C77C90D66C4FB8E88177803883706A5C3406","AE05077042C4AC331800870AA421350D","AB05077042C4AC331800870AA421350D","C70A077042C4AC331800870AA421350D","2907077042C4AC331800870AA421350D"
"ED8643DB62B4290B6F382AFAC7A76DF18412A068C8D5B8EE1E06694D80B5B01A","AB245CF36B02D35CE62B7C43DB1B5E6BD2BF035AE28C39329797CAFF5E4F37D2","AE05077042C4AC331800870AA421350D","AB05077042C4AC331800870AA421350D","C80A077042C4AC331800870AA421350D","2907077042C4AC331800870AA421350D"
"18D6A7DA0503233428AF6FC69857D6A02CD1578BC73A38E70DC91C74744D9558","F42EC2915B6713B3CF84687EAB9B4C220CF20921A7A57893ADAEA7FB8EB0586B","AF05077042C4AC331800870AA421350D","AE05077042C4AC331800870AA421350D","C70A077042C4AC331800870AA421350D","2A07077042C4AC331800870AA421350D"
"E11A9AFC39D4493BB4FD27C3B288C7BBE11A4B308C055E84327B385E5A41372B","ED8643DB62B4290B6F382AFAC7A76DF18412A068C8D5B8EE1E06694D80B5B01A","AF05077042C4AC331800870AA421350D","AE05077042C4AC331800870AA421350D","C80A077042C4AC331800870AA421350D","2A07077042C4AC331800870AA421350D"
"386A6CD8F7CBDD990508902023D0E0DCD2B86DB62D4285270EB4144235457439","F42EC2915B6713B3CF84687EAB9B4C220CF20921A7A57893ADAEA7FB8EB0586B","B005077042C4AC331800870AA421350D","AE05077042C4AC331800870AA421350D","C70A077042C4AC331800870AA421350D","2B07077042C4AC331800870AA421350D"
"53AE267655900DFAACBDD9B8B707DD8C4DA45734C48346186BCA6D0943E3B76E","ED8643DB62B4290B6F382AFAC7A76DF18412A068C8D5B8EE1E06694D80B5B01A","B005077042C4AC331800870AA421350D","AE05077042C4AC331800870AA421350D","C80A077042C4AC331800870AA421350D","2B07077042C4AC331800870AA421350D"
"CBD7FD933D5A50152DD8AC541FF8F486EBD9FAE466BDEE2E8C1FFD914DD27DB3","439A0B4CB587B45BD28D8FD81724A4574C7999D7B97C2DBDCE7DB6D589CB2FA4","B105077042C4AC331800870AA421350D","A205077042C4AC331800870AA421350D","C70A077042C4AC331800870AA421350D","2C07077042C4AC331800870AA421350D"
"F839FE10EF248BF027F42F6B6628AEE46AB39DF4CB3A055D4FEBC2879DBE763E","8CA92986A9C8FA2F6F8295281B2D02E461C527C7D201D4FE302487D01929E3D0","B105077042C4AC331800870AA421350D","A205077042C4AC331800870AA421350D","C80A077042C4AC331800870AA421350D","2C07077042C4AC331800870AA421350D"
"701A1158D4EBBDFDBC19848C06B5B55434D6B83503793D86622B9AA9DD89331E","6009788F9521B73A628510242C86AA14D1DDF10ADB0F14328E3F865FF408FC38","B205077042C4AC331800870AA421350D","A905077042C4AC331800870AA421350D","C70A077042C4AC331800870AA421350D","2D07077042C4AC331800870AA421350D"
"DAE71901F5B0A63D771166F12B61B807C34656CF06AB1A8F19B12139AE8E6E72","CAE2C5ABF35A45002628276BB05BA24F40A07B57D6A04646A66342AF33710798","B205077042C4AC331800870AA421350D","A905077042C4AC331800870AA421350D","C80A077042C4AC331800870AA421350D","2D07077042C4AC331800870AA421350D"
"ACA20E7FD167D38DAE50CD3577E313CC4CFB92CCE6378C87C44F59114BF2F915","6009788F9521B73A628510242C86AA14D1DDF10ADB0F14328E3F865FF408FC38","B305077042C4AC331800870AA421350D","A905077042C4AC331800870AA421350D","C70A077042C4AC331800870AA421350D","2E07077042C4AC331800870AA421350D"
"7A12D2A678AD3D6745B545BDA9C8BA1D84A1A9CC16026EE49ABE6383FC892E67","CAE2C5ABF35A45002628276BB05BA24F40A07B57D6A04646A66342AF33710798","B305077042C4AC331800870AA421350D","A905077042C4AC331800870AA421350D","C80A077042C4AC331800870AA421350D","2E07077042C4AC331800870AA421350D"
"F49FDAE6D6368335910CE938BDEB06355E6ADF81418889FEE4F6ED6148249C03","ACA20E7FD167D38DAE50CD3577E313CC4CFB92CCE6378C87C44F59114BF2F915","B405077042C4AC331800870AA421350D","B305077042C4AC331800870AA421350D","C70A077042C4AC331800870AA421350D","2F07077042C4AC331800870AA421350D"
"661952B03E31ED5F596C748D756E0AF2B1FB5F20D7D149BF80FEF2DACB9919DF","7A12D2A678AD3D6745B545BDA9C8BA1D84A1A9CC16026EE49ABE6383FC892E67","B405077042C4AC331800870AA421350D","B305077042C4AC331800870AA421350D","C80A077042C4AC331800870AA421350D","2F07077042C4AC331800870AA421350D"
"13444A5078D2224B0B0CE494528E9432B7B81FC8B93E8D63F02972268A27E551","439A0B4CB587B45BD28D8FD81724A4574C7999D7B97C2DBDCE7DB6D589CB2FA4","B505077042C4AC331800870AA421350D","A205077042C4AC331800870AA421350D","C70A077042C4AC331800870AA421350D","3007077042C4AC331800870AA421350D"
"CC96B3683AED5402F71FE8AC337D8E0EB3608FCAE67B45EBA6F0674376F1D423","8CA92986A9C8FA2F6F8295281B2D02E461C527C7D201D4FE302487D01929E3D0","B505077042C4AC331800870AA421350D","A205077042C4AC331800870AA421350D","C80A077042C4AC331800870AA421350D","3007077042C4AC331800870AA421350D"
"72BAA696FFB44D270FFB618FF63A3AE03E5A8664E3567E82ADA47CA94BF3EA82","13444A5078D2224B0B0CE494528E9432B7B81FC8B93E8D63F02972268A27E551","B605077042C4AC331800870AA421350D","B505077042C4AC331800870AA421350D","C70A077042C4AC331800870AA421350D","3107077042C4AC331800870AA421350D"
"D3666D56882CB724016547FAB02F51BEE3B1C4BBB25DDD09F8B0E597433F16E9","CC96B3683AED5402F71FE8AC337D8E0EB3608FCAE67B45EBA6F0674376F1D423","B605077042C4AC331800870AA421350D","B505077042C4AC331800870AA421350D","C80A077042C4AC331800870AA421350D","3107077042C4AC331800870AA421350D"
"578E13A381385B71AFD9111D4B7F0B0E1069CC337F92105F95DB841576FF5927","13444A5078D2224B0B0CE494528E9432B7B81FC8B93E8D63F02972268A27E551","B705077042C4AC331800870AA421350D","B505077042C4AC331800870AA421350D","C70A077042C4AC331800870AA421350D","3207077042C4AC331800870AA421350D"
"179A935CD5B3CDB6EB09DF17652CEDEC1210722DBBD69137AFA9A30C4068E16A","CC96B3683AED5402F71FE8AC337D8E0EB3608FCAE67B45EBA6F0674376F1D423","B705077042C4AC331800870AA421350D","B505077042C4AC331800870AA421350D","C80A077042C4AC331800870AA421350D","3207077042C4AC331800870AA421350D"
"A55223E8158176112A65DC730E89D8313DDEDF54A7397B8A5694A959042457D3","CBD7FD933D5A50152DD8AC541FF8F486EBD9FAE466BDEE2E8C1FFD914DD27DB3","B805077042C4AC331800870AA421350D","B105077042C4AC331800870AA421350D","C70A077042C4AC331800870AA421350D","3307077042C4AC331800870AA421350D"
"7484C87A3F1508393CF901DDDBDE6C4A0A011B4746A8AA025DAAD363501860D1","F839FE10EF248BF027F42F6B6628AEE46AB39DF4CB3A055D4FEBC2879DBE763E","B805077042C4AC331800870AA421350D","B105077042C4AC331800870AA421350D","C80A077042C4AC331800870AA421350D","3307077042C4AC331800870AA421350D"
"9F7C697E33E2845A5E02F0F54E556434A3741597426D238AB55D86726C6791E4","439A0B4CB587B45BD28D8FD81724A4574C7999D7B97C2DBDCE7DB6D589CB2FA4","B905077042C4AC331800870AA421350D","A205077042C4AC331800870AA421350D","C70A077042C4AC331800870AA421350D","3407077042C4AC331800870AA421350D"
"0571A3703DBF073439743EE12D2025687CD5425296646A088FC866B9BCC168FF","8CA92986A9C8FA2F6F8295281B2D02E461C527C7D201D4FE302487D01929E3D0","B905077042C4AC331800870AA421350D","A205077042C4AC331800870AA421350D","C80A077042C4AC331800870AA421350D","3407077042C4AC331800870AA421350D"
"8A6D0A2A249CD1708E564CD4CC1A3A77918BE22D286FC6F92920015FEDEC9B3C","9F7C697E33E2845A5E02F0F54E556434A3741597426D238AB55D86726C6791E4","BA05077042C4AC331800870AA421350D","B905077042C4AC331800870AA421350D","C70A077042C4AC331800870AA421350D","3507077042C4AC331800870AA421350D"
"62F3200FD2EA524C8DBE73E8A17C16546BC470EE861262D6C5173D070103B1BE","0571A3703DBF073439743EE12D2025687CD5425296646A088FC866B9BCC168FF","BA05077042C4AC331800870AA421350D","B905077042C4AC331800870AA421350D","C80A077042C4AC331800870AA421350D","3507077042C4AC331800870AA421350D"